method,dataset,layer,pair_type,grid,ks,N_pairs,cosine_mean,cosine_std,IoU@5,IoU@10,IoU@20,IoU@30,IoU@40,IoU@50,IoU_AUC_over_k
cam,Celeb-DF-v2,Fake,same_video_Δt<=1,256,"5,10,20,30,40,50",10460,0.9618579043447157,0.062833429264972,0.74499368413011,0.8114113898533707,0.8274552606696945,0.7997685704293105,0.7456020087447007,0.7688310082594089,0.7893440683102146
cam,Celeb-DF-v2,Real,same_video_Δt<=1,256,"5,10,20,30,40,50",5442,0.932765861678606,0.0792517463391212,0.656405358860576,0.7284864746466518,0.7664636958489679,0.757869459151898,0.7083500920094905,0.7256044754207822,0.7346559289824178
