method,dataset,layer,grid,use_topk,ks,min_per_group,n_groups,n_samples,intra,inter,F,mean_cosine,n_eff_per_group,F_adj
cam,Celeb-DF-v2,Fake,256,False,,3,340,10800,0.003134441329166293,0.0027086506597697735,0.8641546399414742,0.9721569642065623,31.764705881418685,26.58546333386272
cam,Celeb-DF-v2,Real,256,False,,3,178,5620,0.005417287349700928,0.004267872776836157,0.7878232449381375,0.9528689490233869,31.5730337060914,24.086146621935978
