method,dataset,layer,pair_type,grid,ks,N_pairs,cosine_mean,cosine_std,IoU@5,IoU@10,IoU@20,IoU@30,IoU@40,IoU@50,IoU_AUC_over_k
deconvolution,Celeb-DF-v2,Fake,same_video_Δt<=1,256,"5,10,20,30,40,50",10460,0.5860463225001856,0.03912601628536277,0.10845049467378434,0.16749426274019366,0.2621162471423463,0.34550090408466627,0.4259725189111913,0.5075014598345895,0.32001638239535335
deconvolution,Celeb-DF-v2,Real,same_video_Δt<=1,256,"5,10,20,30,40,50",5442,0.5833663984872978,0.037880932728831335,0.1041445757911654,0.16255787370432756,0.25721524300895043,0.34142740280515727,0.423204532728569,0.5060331149887013,0.3161818411695699
