method,dataset,layer,grid,use_topk,ks,min_per_group,n_groups,n_samples,intra,inter,F,mean_cosine,n_eff_per_group,F_adj
deconvolution,Celeb-DF-v2,Fake,256,False,,3,340,10800,0.0011976395035162568,0.00010989930160576478,0.0917624908482025,0.7600819728805914,31.764705881418685,2.8230460418913235
deconvolution,Celeb-DF-v2,Real,256,False,,3,178,5620,0.001232727663591504,0.00011206917406525463,0.09091080557946782,0.7599880074651852,31.5730337060914,2.7794191232289918
