method,dataset,layer,pair_type,grid,ks,N_pairs,cosine_mean,cosine_std,IoU@5,IoU@10,IoU@20,IoU@30,IoU@40,IoU@50,IoU_AUC_over_k
deeptaylor,Celeb-DF-v2,Fake,same_video_Δt<=1,256,"5,10,20,30,40,50",10460,0.9528858039174865,0.02293332702289365,0.3440985196305362,0.390675394284603,0.4542755731798235,0.5109448270304823,0.5669658393031337,0.6227586251939844,0.49391038394033737
deeptaylor,Celeb-DF-v2,Real,same_video_Δt<=1,256,"5,10,20,30,40,50",5442,0.9483221197129923,0.024475796459897507,0.337985641241242,0.38389280512631707,0.44994615102074736,0.5086820299325463,0.5653396861758041,0.6208812013538217,0.49040544043579043
