method,dataset,layer,grid,use_topk,ks,min_per_group,n_groups,n_samples,intra,inter,F,mean_cosine,n_eff_per_group,F_adj
deeptaylor,Celeb-DF-v2,Fake,256,False,,3,340,10800,0.002590001095086336,0.0009196631726808846,0.3550807849532507,0.9721375048894869,31.764705881418685,10.923955913230035
deeptaylor,Celeb-DF-v2,Real,256,False,,3,178,5620,0.0026605234015733004,0.0009603722719475627,0.36096982333679734,0.9696059621030144,31.5730337060914,11.035942575757764
