method,dataset,layer,pair_type,grid,ks,N_pairs,cosine_mean,cosine_std,IoU@5,IoU@10,IoU@20,IoU@30,IoU@40,IoU@50,IoU_AUC_over_k
excitationbp,Celeb-DF-v2,Fake,same_video_Δt<=1,256,"5,10,20,30,40,50",10460,0.9292508814929348,0.050664332227361726,0.5831347317654957,0.6440354526368072,0.7157406770951407,0.7582227822109179,0.7855394228573723,0.8093589698353183,0.7317761421111265
excitationbp,Celeb-DF-v2,Real,same_video_Δt<=1,256,"5,10,20,30,40,50",5442,0.9128044467656549,0.054763102530967854,0.5186301701942667,0.5842989349216534,0.6647862664321457,0.7165540226079515,0.7525299950439472,0.7832236537047462,0.6874141899280498
