method,dataset,layer,grid,use_topk,ks,min_per_group,n_groups,n_samples,intra,inter,F,mean_cosine,n_eff_per_group,F_adj
excitationbp,Celeb-DF-v2,Fake,256,False,,3,340,10800,0.0010776026174426079,0.0009398381225764751,0.8721484022773421,0.948623969192801,31.764705881418685,26.831389081011658
excitationbp,Celeb-DF-v2,Real,256,False,,3,178,5620,0.0013312556548044086,0.0011756018502637744,0.8830708176246728,0.9395480890636413,31.5730337060914,26.99815387210481
