method,dataset,layer,pair_type,grid,ks,N_pairs,cosine_mean,cosine_std,IoU@5,IoU@10,IoU@20,IoU@30,IoU@40,IoU@50,IoU_AUC_over_k
gcampp,Celeb-DF-v2,Fake,same_video_Δt<=1,256,"5,10,20,30,40,50",10460,0.9353376165276958,0.16415981092519105,0.7207294036265796,0.7879228713904053,0.8134873762367902,0.7755885068263736,0.724366703461391,0.7444751174634872,0.7681788110457216
gcampp,Celeb-DF-v2,Real,same_video_Δt<=1,256,"5,10,20,30,40,50",5442,0.8702908140595966,0.22586575732565944,0.6009141630191537,0.67677269528377,0.7184892140248991,0.6990289013928459,0.6660734911122586,0.6889348821569784,0.6857482466280241
