method,dataset,layer,grid,use_topk,ks,min_per_group,n_groups,n_samples,intra,inter,F,mean_cosine,n_eff_per_group,F_adj
gcampp,Celeb-DF-v2,Fake,256,False,,3,340,10800,0.004378149285912514,0.0029240602161735296,0.6678743337598977,0.9560708042087757,31.764705881418685,20.54695744387171
gcampp,Celeb-DF-v2,Real,256,False,,3,178,5620,0.00788059365004301,0.004561952315270901,0.578883613217371,0.913937424181479,31.5730337060914,17.69822821879866
