method,dataset,layer,grid,use_topk,ks,min_per_group,n_groups,n_samples,intra,inter,F,mean_cosine,n_eff_per_group,F_adj
gradcam,Celeb-DF-v2,Fake,256,False,,3,340,10800,0.027127372100949287,0.01839466392993927,0.6780847433595729,0.8922909075689075,31.764705881418685,20.861077692134533
gradcam,Celeb-DF-v2,Real,256,False,,3,178,5620,0.03025032766163349,0.019860271364450455,0.6565305679096349,0.8898764766513536,31.5730337060914,20.0721311817806
