method,dataset,layer,pair_type,grid,ks,N_pairs,cosine_mean,cosine_std,IoU@5,IoU@10,IoU@20,IoU@30,IoU@40,IoU@50,IoU_AUC_over_k
gradcam,Celeb-DF-v2,Fake,same_video_Δt<=1,256,"5,10,20,30,40,50",10460,0.8484284319546941,0.2226094307808235,0.5293284281847486,0.5814657750412549,0.6196814706249073,0.6270831217080243,0.6389654175605274,0.6710589597192258,0.6199313173511556
gradcam,Celeb-DF-v2,Real,same_video_Δt<=1,256,"5,10,20,30,40,50",5442,0.836385074470843,0.2290621284261032,0.41121689593305927,0.46979143822731545,0.5401578066594545,0.6010682540888337,0.6604707279139276,0.7104044832067445,0.5804548517598532
