method,dataset,layer,pair_type,grid,ks,N_pairs,cosine_mean,cosine_std,IoU@5,IoU@10,IoU@20,IoU@30,IoU@40,IoU@50,IoU_AUC_over_k
guidedbackprop,Celeb-DF-v2,Fake,same_video_Δt<=1,256,"5,10,20,30,40,50",10460,0.6365665111012215,0.09682820958475442,0.2597864311190406,0.3464115456883469,0.48442145278890747,0.5878615155262376,0.6636473217363542,0.7221726842834837,0.5381715331642802
guidedbackprop,Celeb-DF-v2,Real,same_video_Δt<=1,256,"5,10,20,30,40,50",5442,0.6019131575502639,0.14264501526166004,0.24982258228318185,0.33433351003035355,0.4689413135575454,0.568843494360025,0.6431183279552447,0.7031629925673298,0.5212645356111201
