method,dataset,layer,grid,use_topk,ks,min_per_group,n_groups,n_samples,intra,inter,F,mean_cosine,n_eff_per_group,F_adj
guidedbackprop,Celeb-DF-v2,Fake,256,False,,3,340,10800,0.0007504044333472848,0.0001539615186629817,0.2051686532416811,0.7776684746606871,31.764705881418685,6.311953273067097
guidedbackprop,Celeb-DF-v2,Real,256,False,,3,178,5620,0.0006460777949541807,0.00013452823623083532,0.2082197454919819,0.7516942359281655,31.5730337060914,6.365909297200136
