method,dataset,layer,pair_type,grid,ks,N_pairs,cosine_mean,cosine_std,IoU@5,IoU@10,IoU@20,IoU@30,IoU@40,IoU@50,IoU_AUC_over_k
inputxgradient,Celeb-DF-v2,Fake,same_video_Δt<=1,256,"5,10,20,30,40,50",10460,0.6201753258611765,0.037484280680627265,0.18443224274996306,0.26564564631618226,0.3920718558329382,0.49234971305217384,0.5758449688840868,0.6468772621944767,0.45089943650912545
inputxgradient,Celeb-DF-v2,Real,same_video_Δt<=1,256,"5,10,20,30,40,50",5442,0.6132502711498711,0.04128914202863632,0.1784935003136747,0.2619601275784277,0.3913196535497761,0.4936864853360075,0.5772183605637013,0.6460124222630557,0.45029426252072274
