method,dataset,layer,grid,use_topk,ks,min_per_group,n_groups,n_samples,intra,inter,F,mean_cosine,n_eff_per_group,F_adj
inputxgradient,Celeb-DF-v2,Fake,256,False,,3,340,10800,0.0010858323657885194,0.0002417926152702421,0.22267745566793815,0.7794866354211084,31.764705881418685,6.850606430046765
inputxgradient,Celeb-DF-v2,Real,256,False,,3,178,5620,0.001155272824689746,0.00025796276167966425,0.22328970548743404,0.7747439883260979,31.5730337060914,6.826643692090543
