method,dataset,layer,grid,use_topk,ks,min_per_group,n_groups,n_samples,intra,inter,F,mean_cosine,n_eff_per_group,F_adj
integratedgradients,Celeb-DF-v2,Fake,256,False,,3,340,10800,0.001008822931908071,0.0002043076092377305,0.20251877469078086,0.7736194037666273,31.764705881418685,6.2304305388271715
integratedgradients,Celeb-DF-v2,Real,256,False,,3,178,5620,0.0010760476579889655,0.00022822796017862856,0.21209640439264357,0.775651632689556,31.5730337060914,6.484430520437084
