method,dataset,layer,pair_type,grid,ks,N_pairs,cosine_mean,cosine_std,IoU@5,IoU@10,IoU@20,IoU@30,IoU@40,IoU@50,IoU_AUC_over_k
integratedgradients,Celeb-DF-v2,Fake,same_video_Δt<=1,256,"5,10,20,30,40,50",10460,0.6164786430867588,0.04256262330893812,0.18740567590713028,0.2675022628111751,0.3838937408276697,0.47142704869767516,0.5459615725866572,0.6148368562276171,0.434706423624661
integratedgradients,Celeb-DF-v2,Real,same_video_Δt<=1,256,"5,10,20,30,40,50",5442,0.6167291526316315,0.04340172197759214,0.18290941516815046,0.265837792521122,0.38950188512559747,0.48497903269632375,0.5649019559860168,0.6350335664998455,0.4448900789423867
