method,dataset,layer,pair_type,grid,ks,N_pairs,cosine_mean,cosine_std,IoU@5,IoU@10,IoU@20,IoU@30,IoU@40,IoU@50,IoU_AUC_over_k
kernelshap,Celeb-DF-v2,Fake,same_video_Δt<=1,256,"5,10,20,30,40,50",10460,0.6622479550102567,0.06467078122177364,0.13549077357728462,0.1306106443199535,0.16052136089284297,0.21139970322684565,0.27451179433411116,0.35107341176320467,0.2119556091043752
kernelshap,Celeb-DF-v2,Real,same_video_Δt<=1,256,"5,10,20,30,40,50",5441,0.6403935583222595,0.062086934702364566,0.0779519280319863,0.0933999331153144,0.14001472385840474,0.19826934533981638,0.2651620359364604,0.3444376199665568,0.19226729932498718
