method,dataset,layer,grid,use_topk,ks,min_per_group,n_groups,n_samples,intra,inter,F,mean_cosine,n_eff_per_group,F_adj
kernelshap,Celeb-DF-v2,Fake,256,False,,3,340,10800,0.04186318814754486,0.003168493742123246,0.07568685342567569,0.8162206100805809,31.764705881418685,2.3284837847309587
kernelshap,Celeb-DF-v2,Real,256,False,,3,178,5619,0.04761281609535217,0.0028508659452199936,0.059876007769643545,0.8040186116978708,31.567415728563628,1.8302548216614
