method,dataset,layer,grid,use_topk,ks,min_per_group,n_groups,n_samples,intra,inter,F,mean_cosine,n_eff_per_group,F_adj
lime,Celeb-DF-v2,Fake,256,False,,3,340,10800,0.034013956785202026,0.010681865736842155,0.31404351642659223,0.9427668315874662,31.764705881418685,9.661456416830587
lime,Celeb-DF-v2,Real,256,False,,3,178,5620,0.033720433712005615,0.01522262766957283,0.45143616138577264,0.9497830865514341,31.5730337060914,13.801772978195745
