method,dataset,layer,pair_type,grid,ks,N_pairs,cosine_mean,cosine_std,IoU@5,IoU@10,IoU@20,IoU@30,IoU@40,IoU@50,IoU_AUC_over_k
lime,Celeb-DF-v2,Fake,same_video_Δt<=1,256,"5,10,20,30,40,50",10460,0.8988761759689213,0.03702189462605306,0.17942885371425052,0.21312252269459675,0.2614374796535953,0.31172000756879936,0.36961990310578985,0.4379353631165878,0.3036542616302197
lime,Celeb-DF-v2,Real,same_video_Δt<=1,256,"5,10,20,30,40,50",5442,0.9104851640171234,0.04029487870416665,0.1572644925831652,0.19294648958022778,0.2450304974656195,0.2999360354187699,0.36232499702230003,0.43630160777526467,0.29099296091672977
