method,dataset,layer,grid,use_topk,ks,min_per_group,n_groups,n_samples,intra,inter,F,mean_cosine,n_eff_per_group,F_adj
lrp,Celeb-DF-v2,Fake,256,False,,3,340,10800,0.0022512299474328756,0.0008164281025528908,0.3626570785952322,0.9526726662493677,31.764705881418685,11.157038358796859
lrp,Celeb-DF-v2,Real,256,False,,3,178,5620,0.0030562581960111856,0.000907187582924962,0.29682852575207763,0.9476325070081484,31.5730337060914,9.07494852274769
