method,dataset,layer,pair_type,grid,ks,N_pairs,cosine_mean,cosine_std,IoU@5,IoU@10,IoU@20,IoU@30,IoU@40,IoU@50,IoU_AUC_over_k
lrp,Celeb-DF-v2,Fake,same_video_Δt<=1,256,"5,10,20,30,40,50",10460,0.9282746345626119,0.06694713294334662,0.5349906254653797,0.5744253995694777,0.6243307011947294,0.67128432533243,0.713332072832612,0.7535617046705552,0.6556210350530005
lrp,Celeb-DF-v2,Real,same_video_Δt<=1,256,"5,10,20,30,40,50",5442,0.9162376354374955,0.07161851564235414,0.4963301592298399,0.5392753816469675,0.5906948617274591,0.6372737768178294,0.6803498402779349,0.7239181919800577,0.6219592557457639
