method,dataset,layer,pair_type,grid,ks,N_pairs,cosine_mean,cosine_std,IoU@5,IoU@10,IoU@20,IoU@30,IoU@40,IoU@50,IoU_AUC_over_k
occlusion,Celeb-DF-v2,Fake,same_video_Δt<=1,256,"5,10,20,30,40,50",10460,0.8369277599657033,0.13531427347768635,0.4707351111465327,0.4881565074667458,0.5501963682240486,0.624584702418182,0.6861597526273485,0.7349924648472175,0.6027196031288623
occlusion,Celeb-DF-v2,Real,same_video_Δt<=1,256,"5,10,20,30,40,50",5442,0.8098015669627247,0.1395620763563458,0.3906671021212372,0.44054258696651905,0.5201277770153193,0.601840476831245,0.6666530986210653,0.7175417435959801,0.5723257644490707
