method,dataset,layer,grid,use_topk,ks,min_per_group,n_groups,n_samples,intra,inter,F,mean_cosine,n_eff_per_group,F_adj
occlusion,Celeb-DF-v2,Fake,256,False,,3,340,10800,0.010836811736226082,0.005956214386969805,0.5496274213922848,0.8921068980653322,31.764705881418685,16.909125963496212
occlusion,Celeb-DF-v2,Real,256,False,,3,178,5620,0.013325798325240612,0.006039770320057869,0.4532385707978292,0.8770698184452352,31.5730337060914,13.856878101902726
