method,dataset,layer,pair_type,grid,ks,N_pairs,cosine_mean,cosine_std,IoU@5,IoU@10,IoU@20,IoU@30,IoU@40,IoU@50,IoU_AUC_over_k
scorecam,Celeb-DF-v2,Fake,same_video_Δt<=1,256,"5,10,20,30,40,50",10460,0.9272203387916912,0.10253110650188334,0.5710720033559654,0.6779633738000089,0.7495341931067411,0.7720622917078329,0.7667342282402004,0.7542173210495643,0.7370399788374565
scorecam,Celeb-DF-v2,Real,same_video_Δt<=1,256,"5,10,20,30,40,50",5442,0.9205244820926527,0.100074963083518,0.5029180139477929,0.6211897052368817,0.7066137015301442,0.7478297502229766,0.762993634946912,0.7724762569765612,0.7100659994673162
