method,dataset,layer,grid,use_topk,ks,min_per_group,n_groups,n_samples,intra,inter,F,mean_cosine,n_eff_per_group,F_adj
scorecam,Celeb-DF-v2,Fake,256,False,,3,340,10800,0.009949540719389915,0.004581763409078121,0.4604995278981868,0.9542970740853896,31.764705881418685,14.167132534319876
scorecam,Celeb-DF-v2,Real,256,False,,3,178,5620,0.010746484622359276,0.004830066114664078,0.449455034818013,0.9526708359219289,31.5730337060914,13.741203928863596
