method,dataset,layer,grid,use_topk,ks,min_per_group,n_groups,n_samples,intra,inter,F,mean_cosine,n_eff_per_group,F_adj
smoothgrad,Celeb-DF-v2,Fake,256,False,,3,340,10800,0.0018648705445230007,0.0013678381219506264,0.7334722462346736,0.9486536486328065,31.764705881418685,22.565057927593234
smoothgrad,Celeb-DF-v2,Real,256,False,,3,178,5620,0.0019779130816459656,0.0014261928154155612,0.7210557521927133,0.9430511275445047,31.5730337060914,22.044861815758914
