method,dataset,layer,pair_type,grid,ks,N_pairs,cosine_mean,cosine_std,IoU@5,IoU@10,IoU@20,IoU@30,IoU@40,IoU@50,IoU_AUC_over_k
smoothgrad,Celeb-DF-v2,Fake,same_video_Δt<=1,256,"5,10,20,30,40,50",10460,0.9211692826305661,0.11022013488831879,0.4110340988289831,0.49942857673517804,0.6544025300227528,0.7665881357703339,0.848673834514009,0.8787026067511924,0.708076835764738
smoothgrad,Celeb-DF-v2,Real,same_video_Δt<=1,256,"5,10,20,30,40,50",5442,0.9140928821816494,0.11916075552724396,0.4040714827915122,0.49704083443705943,0.6502831537762134,0.7583094133689523,0.8366738944041846,0.8670339476447619,0.7005737626438675
