method,dataset,layer,pair_type,grid,ks,N_pairs,cosine_mean,cosine_std,IoU@5,IoU@10,IoU@20,IoU@30,IoU@40,IoU@50,IoU_AUC_over_k
vanillagradient,Celeb-DF-v2,Fake,same_video_Δt<=1,256,"5,10,20,30,40,50",10460,0.6759997245613113,0.03001849546286286,0.19810502164020152,0.30069141656678233,0.4609359656955657,0.5802158155861982,0.6545320220616386,0.7004556565783904,0.5157680998817189
vanillagradient,Celeb-DF-v2,Real,same_video_Δt<=1,256,"5,10,20,30,40,50",5442,0.6699807508768006,0.03483757298432555,0.18709623565639857,0.2913057025060782,0.4554061837999007,0.5763096484229508,0.651916762823082,0.6967082668907064,0.5104977920633211
