method,dataset,layer,grid,use_topk,ks,min_per_group,n_groups,n_samples,intra,inter,F,mean_cosine,n_eff_per_group,F_adj
vanillagradient,Celeb-DF-v2,Fake,256,False,,3,340,10800,0.0013283006846904755,0.00023169079213403165,0.17442515128756983,0.8161601185439691,31.764705881418685,5.366138477684044
vanillagradient,Celeb-DF-v2,Real,256,False,,3,178,5620,0.0014479444362223148,0.00026421801885589957,0.1824767494378064,0.8120434808448602,31.5730337060914,5.57886781114005
