method,dataset,layer,grid,use_topk,ks,min_per_group,n_groups,n_samples,intra,inter,F,mean_cosine,n_eff_per_group,F_adj
cam,FF-DF,Fake,256,False,,3,140,4473,0.0006289736484177411,0.0008869930752553046,1.4102005314233637,0.995987439814441,31.949999997717857,43.64570644433483
cam,FF-DF,Real,256,False,,3,140,4479,0.005378571804612875,0.004934347700327635,0.9174068331722224,0.9637711449854011,31.992857140571935,28.4330589202912
