method,dataset,layer,pair_type,grid,ks,N_pairs,cosine_mean,cosine_std,IoU@5,IoU@10,IoU@20,IoU@30,IoU@40,IoU@50,IoU_AUC_over_k
cam,FF-DF,Fake,same_video_Δt<=1,256,"5,10,20,30,40,50",4333,0.994543285936046,0.016738242679366883,0.8544174685878674,0.9206279811314376,0.9453425121831776,0.9216388391494744,0.8551157728705956,0.8242477426201986,0.8973991885575315
cam,FF-DF,Real,same_video_Δt<=1,256,"5,10,20,30,40,50",4339,0.9427830859769595,0.07188612045393357,0.6692724155503406,0.7412709503207265,0.7912685087737702,0.8011174498623328,0.7367127614116099,0.7171003955046782,0.7579822743173739
