method,dataset,layer,pair_type,grid,ks,N_pairs,cosine_mean,cosine_std,IoU@5,IoU@10,IoU@20,IoU@30,IoU@40,IoU@50,IoU_AUC_over_k
deconvolution,FF-DF,Fake,same_video_Δt<=1,256,"5,10,20,30,40,50",4333,0.6037680391825941,0.03564775092009282,0.11381253993530475,0.17377147469747722,0.26809151184264357,0.3499632387995946,0.4283418506325455,0.5077902635570768,0.32423854979116806
deconvolution,FF-DF,Real,same_video_Δt<=1,256,"5,10,20,30,40,50",4339,0.60225324994793,0.03710402196543921,0.11100654820796609,0.16961436858634601,0.26393822100905756,0.3477025189665652,0.42868970258841954,0.5104703232182649,0.3223395594810946
