method,dataset,layer,grid,use_topk,ks,min_per_group,n_groups,n_samples,intra,inter,F,mean_cosine,n_eff_per_group,F_adj
deconvolution,FF-DF,Fake,256,False,,3,140,4473,0.001149986870586872,0.00012593275459948927,0.10950704112370553,0.7741113380895001,31.949999997717857,3.3892429225287755
deconvolution,FF-DF,Real,256,False,,3,140,4479,0.0012613744474947453,0.0001291246444452554,0.10236739853714846,0.7733395640012396,31.992857140571935,3.1726581587138347
