method,dataset,layer,pair_type,grid,ks,N_pairs,cosine_mean,cosine_std,IoU@5,IoU@10,IoU@20,IoU@30,IoU@40,IoU@50,IoU_AUC_over_k
deeptaylor,FF-DF,Fake,same_video_Δt<=1,256,"5,10,20,30,40,50",4333,0.9540335582840818,0.020902244767537544,0.3940745511520317,0.4375236727020398,0.5000562481087915,0.5546765604393165,0.6071786539499952,0.6594028402229006,0.5373942833164648
deeptaylor,FF-DF,Real,same_video_Δt<=1,256,"5,10,20,30,40,50",4339,0.9428457297803655,0.027097322509860126,0.3546423226430891,0.3999011275460467,0.4647262292714544,0.5218225529184674,0.5769711912219802,0.6317150917588646,0.503991987913698
