method,dataset,layer,grid,use_topk,ks,min_per_group,n_groups,n_samples,intra,inter,F,mean_cosine,n_eff_per_group,F_adj
deeptaylor,FF-DF,Fake,256,False,,3,140,4473,0.0013744081370532513,0.0007273747469298542,0.5292237691866782,0.9738819088117174,31.949999997717857,16.379475655119926
deeptaylor,FF-DF,Real,256,False,,3,140,4479,0.0018715979531407356,0.0006886616465635598,0.36795187015951725,0.9676827973212497,31.992857140571935,11.403879746460191
