method,dataset,layer,grid,use_topk,ks,min_per_group,n_groups,n_samples,intra,inter,F,mean_cosine,n_eff_per_group,F_adj
excitationbp,FF-DF,Fake,256,False,,3,140,4473,0.0008182923775166273,0.0010977754136547446,1.341527831052206,0.9618384533404724,31.949999997717857,41.52028636800422
excitationbp,FF-DF,Real,256,False,,3,140,4479,0.0010966379195451736,0.0011037236545234919,1.0064521482713,0.9367004580783065,31.992857140571935,31.192827650194126
