method,dataset,layer,pair_type,grid,ks,N_pairs,cosine_mean,cosine_std,IoU@5,IoU@10,IoU@20,IoU@30,IoU@40,IoU@50,IoU_AUC_over_k
excitationbp,FF-DF,Fake,same_video_Δt<=1,256,"5,10,20,30,40,50",4333,0.9389131540756217,0.032731011995626995,0.567685624109826,0.6491441283920909,0.7487306044145913,0.8049926920142494,0.8242804994787247,0.8346359692761707,0.7609113961927056
excitationbp,FF-DF,Real,same_video_Δt<=1,256,"5,10,20,30,40,50",4339,0.8967271284441916,0.050186488363841285,0.4688378157585656,0.5428706371367875,0.6291922757341092,0.6839944532508007,0.7249967689156632,0.7622954955039252,0.6541541505432816
