method,dataset,layer,pair_type,grid,ks,N_pairs,cosine_mean,cosine_std,IoU@5,IoU@10,IoU@20,IoU@30,IoU@40,IoU@50,IoU_AUC_over_k
gcampp,FF-DF,Fake,same_video_Δt<=1,256,"5,10,20,30,40,50",4333,0.994164962664706,0.022898554256879786,0.8531897121325256,0.9200721979340502,0.9464518239114574,0.8961701509722824,0.846532993403461,0.8204044988548611,0.8894908431551779
gcampp,FF-DF,Real,same_video_Δt<=1,256,"5,10,20,30,40,50",4339,0.9137001531901856,0.1357173980536612,0.6327133328293141,0.7065159091853465,0.7527411710017785,0.7521515058825358,0.6995719584767531,0.6921987106258166,0.7196953901711809
