method,dataset,layer,grid,use_topk,ks,min_per_group,n_groups,n_samples,intra,inter,F,mean_cosine,n_eff_per_group,F_adj
gcampp,FF-DF,Fake,256,False,,3,140,4473,0.0006193578010424972,0.0008220339077524841,1.3272144699302526,0.995670223535607,31.949999997717857,41.077287841312426
gcampp,FF-DF,Real,256,False,,3,140,4479,0.006763053126633167,0.005309625528752804,0.7850918185050384,0.9455373743205593,31.992857140571935,24.332238573158484
