method,dataset,layer,pair_type,grid,ks,N_pairs,cosine_mean,cosine_std,IoU@5,IoU@10,IoU@20,IoU@30,IoU@40,IoU@50,IoU_AUC_over_k
gradcam,FF-DF,Fake,same_video_Δt<=1,256,"5,10,20,30,40,50",4333,0.980891769140964,0.07416636638409024,0.814942729968685,0.889569648165071,0.9118430390131568,0.844435319012111,0.7909912498411619,0.7674210158614664,0.8448651187584749
gradcam,FF-DF,Real,same_video_Δt<=1,256,"5,10,20,30,40,50",4339,0.8839412635747566,0.19568096828632361,0.4009981187832727,0.48140020873616174,0.5839535318076519,0.6667818532436177,0.7420606318707139,0.7888259295315136,0.6330019262079288
