method,dataset,layer,grid,use_topk,ks,min_per_group,n_groups,n_samples,intra,inter,F,mean_cosine,n_eff_per_group,F_adj
gradcam,FF-DF,Fake,256,False,,3,140,4473,0.002838549204170704,0.0021732498425990343,0.7656172326460099,0.9866679215119605,31.949999997717857,23.695853348646757
gradcam,FF-DF,Real,256,False,,3,140,4479,0.021446460857987404,0.021249981597065926,0.990838154108311,0.9280530915318655,31.992857140571935,30.708905359706883
