method,dataset,layer,pair_type,grid,ks,N_pairs,cosine_mean,cosine_std,IoU@5,IoU@10,IoU@20,IoU@30,IoU@40,IoU@50,IoU_AUC_over_k
guidedbackprop,FF-DF,Fake,same_video_Δt<=1,256,"5,10,20,30,40,50",4333,0.6699562572914609,0.0691319172382199,0.2713613510336193,0.3471573814058168,0.47990312982884636,0.5972337749085235,0.6903467057648159,0.7555014425318061,0.5496539345735236
guidedbackprop,FF-DF,Real,same_video_Δt<=1,256,"5,10,20,30,40,50",4339,0.6255058802610783,0.10452639217977398,0.2889866982731468,0.3635258106512307,0.48282255151882086,0.5840876816623705,0.66446438246909,0.7238826881035335,0.5418237760575018
