method,dataset,layer,grid,use_topk,ks,min_per_group,n_groups,n_samples,intra,inter,F,mean_cosine,n_eff_per_group,F_adj
guidedbackprop,FF-DF,Fake,256,False,,3,140,4473,0.0005971553036943078,0.00020272177061997354,0.33947345796189776,0.8035354191316252,31.949999997717857,10.506703523146008
guidedbackprop,FF-DF,Real,256,False,,3,140,4479,0.00046969810500741005,0.0001236003590747714,0.2631429131350022,0.7725194662563007,31.992857140571935,8.155550714347054
