method,dataset,layer,pair_type,grid,ks,N_pairs,cosine_mean,cosine_std,IoU@5,IoU@10,IoU@20,IoU@30,IoU@40,IoU@50,IoU_AUC_over_k
inputxgradient,FF-DF,Fake,same_video_Δt<=1,256,"5,10,20,30,40,50",4333,0.63464350528725,0.034635320456193185,0.19629135247838908,0.2851919143849962,0.42546416817386484,0.5283193971362915,0.6025407700453164,0.6624074845091177,0.47788774478186125
inputxgradient,FF-DF,Real,same_video_Δt<=1,256,"5,10,20,30,40,50",4339,0.6172507829344026,0.039226867210343845,0.20228990096296387,0.295358454721639,0.4337421902625432,0.5298658062250742,0.60073233579828,0.6588625408122213,0.4813028708831063
