method,dataset,layer,grid,use_topk,ks,min_per_group,n_groups,n_samples,intra,inter,F,mean_cosine,n_eff_per_group,F_adj
inputxgradient,FF-DF,Fake,256,False,,3,140,4473,0.0011432371102273464,0.00031052588019520044,0.27161746346636223,0.7932903021168586,31.949999997717857,8.406560493664042
inputxgradient,FF-DF,Real,256,False,,3,140,4479,0.0011085852747783065,0.0002835622290149331,0.25578516837142307,0.7801161504952572,31.992857140571935,7.927513182012654
