method,dataset,layer,grid,use_topk,ks,min_per_group,n_groups,n_samples,intra,inter,F,mean_cosine,n_eff_per_group,F_adj
integratedgradients,FF-DF,Fake,256,False,,3,140,4473,0.0008393510361202061,0.0002820355584844947,0.3360122120847458,0.7822055769974735,31.949999997717857,10.399577963256055
integratedgradients,FF-DF,Real,256,False,,3,140,4479,0.0010091349249705672,0.00025331275537610054,0.2510172217171767,0.7858634344887779,31.992857140571935,7.779740892503729
