method,dataset,layer,pair_type,grid,ks,N_pairs,cosine_mean,cosine_std,IoU@5,IoU@10,IoU@20,IoU@30,IoU@40,IoU@50,IoU_AUC_over_k
integratedgradients,FF-DF,Fake,same_video_Δt<=1,256,"5,10,20,30,40,50",4333,0.6291641589545897,0.051456271512672756,0.19797756927853402,0.2696408007233261,0.3784711980215439,0.4663194234010674,0.5426408385340078,0.6131165901416092,0.4323810550865671
integratedgradients,FF-DF,Real,same_video_Δt<=1,256,"5,10,20,30,40,50",4339,0.6284078978504667,0.04354936903105908,0.2035188440903668,0.2938130629448821,0.4297704124068225,0.5284927255525848,0.6033836811737315,0.6643865024728078,0.48112879524462127
