method,dataset,layer,grid,use_topk,ks,min_per_group,n_groups,n_samples,intra,inter,F,mean_cosine,n_eff_per_group,F_adj
kernelshap,FF-DF,Fake,256,False,,3,140,4473,0.04751180112361908,0.0036792983300983906,0.0774396564366989,0.8118268210807695,31.949999997717857,2.396757366539102
kernelshap,FF-DF,Real,256,False,,3,140,4479,0.0491592213511467,0.002406865358352661,0.04896059788161269,0.800654916980896,31.992857140571935,1.517428815661811
