method,dataset,layer,pair_type,grid,ks,N_pairs,cosine_mean,cosine_std,IoU@5,IoU@10,IoU@20,IoU@30,IoU@40,IoU@50,IoU_AUC_over_k
kernelshap,FF-DF,Fake,same_video_Δt<=1,256,"5,10,20,30,40,50",4333,0.6504828575451825,0.05846199695787374,0.0832387137863606,0.09990247021955836,0.14776803901649171,0.20402887528096983,0.27042910850573776,0.3479454772251138,0.19820784278378115
kernelshap,FF-DF,Real,same_video_Δt<=1,256,"5,10,20,30,40,50",4339,0.6320027167636195,0.0595734258335701,0.05672575593086366,0.07904337410846754,0.13084462370361458,0.19200728792498084,0.262534872363993,0.34363494648973514,0.18459293928922724
