method,dataset,layer,grid,use_topk,ks,min_per_group,n_groups,n_samples,intra,inter,F,mean_cosine,n_eff_per_group,F_adj
lime,FF-DF,Fake,256,False,,3,140,4473,0.029770463705062866,0.01768043078482151,0.5938914832186468,0.9520005067377606,31.949999997717857,18.380941404261772
lime,FF-DF,Real,256,False,,3,140,4479,0.03047509863972664,0.014823051169514656,0.4863986325611215,0.963120468158153,31.992857140571935,15.074883332336379
