method,dataset,layer,pair_type,grid,ks,N_pairs,cosine_mean,cosine_std,IoU@5,IoU@10,IoU@20,IoU@30,IoU@40,IoU@50,IoU_AUC_over_k
lime,FF-DF,Fake,same_video_Δt<=1,256,"5,10,20,30,40,50",4333,0.9109094699505893,0.03895986499431912,0.20775275747934857,0.23584370904858284,0.2760393629667159,0.32151165180184516,0.3788868785224461,0.44791043474087855,0.3176031292928268
lime,FF-DF,Real,same_video_Δt<=1,256,"5,10,20,30,40,50",4339,0.9310755911125739,0.03585192659085861,0.1267232635381224,0.16046045557369892,0.22414114820313527,0.29018093202509254,0.3640866535667721,0.44727042536709827,0.2786822453429675
