method,dataset,layer,pair_type,grid,ks,N_pairs,cosine_mean,cosine_std,IoU@5,IoU@10,IoU@20,IoU@30,IoU@40,IoU@50,IoU_AUC_over_k
lrp,FF-DF,Fake,same_video_Δt<=1,256,"5,10,20,30,40,50",4333,0.9584254814193283,0.028365290180947796,0.6255581462112474,0.658195225570554,0.6975737164228217,0.7305900606952982,0.764521340438385,0.7999369595473669,0.7205976784579813
lrp,FF-DF,Real,same_video_Δt<=1,256,"5,10,20,30,40,50",4339,0.9218463199730327,0.06329126860619957,0.508796317408949,0.5529084920158501,0.5972370553918538,0.6401364895689323,0.6834437621171349,0.7280885449487169,0.6281648950925343
