method,dataset,layer,grid,use_topk,ks,min_per_group,n_groups,n_samples,intra,inter,F,mean_cosine,n_eff_per_group,F_adj
lrp,FF-DF,Fake,256,False,,3,140,4473,0.0005828110734000802,0.0008168204803951085,1.4014944168540697,0.9729176171900715,31.949999997717857,43.37625219843505
lrp,FF-DF,Real,256,False,,3,140,4479,0.0024023589212447405,0.0010276917601004243,0.42778265694843653,0.9536809376077419,31.992857140571935,13.258206774017186
