method,dataset,layer,grid,use_topk,ks,min_per_group,n_groups,n_samples,intra,inter,F,mean_cosine,n_eff_per_group,F_adj
occlusion,FF-DF,Fake,256,False,,3,140,4473,0.00527007132768631,0.006398776080459356,1.2141702722581267,0.9255494215976597,31.949999997717857,37.57856992361811
occlusion,FF-DF,Real,256,False,,3,140,4479,0.012485824525356293,0.006577024701982737,0.5267589193678711,0.8704488832744477,31.992857140571935,16.32576393549048
