method,dataset,layer,pair_type,grid,ks,N_pairs,cosine_mean,cosine_std,IoU@5,IoU@10,IoU@20,IoU@30,IoU@40,IoU@50,IoU_AUC_over_k
occlusion,FF-DF,Fake,same_video_Δt<=1,256,"5,10,20,30,40,50",4333,0.8834865909005829,0.10802235179784961,0.5285633775732934,0.625426690582585,0.7347219186600259,0.7807118551791787,0.7847902577866032,0.7701280493400567,0.7303330930280219
occlusion,FF-DF,Real,same_video_Δt<=1,256,"5,10,20,30,40,50",4339,0.7939165212608826,0.15048439772661842,0.38138031509286885,0.43589530619117617,0.5243109775250843,0.6006978106030441,0.6574782108273668,0.7030387216584807,0.5680606484891855
