method,dataset,layer,grid,use_topk,ks,min_per_group,n_groups,n_samples,intra,inter,F,mean_cosine,n_eff_per_group,F_adj
scorecam,FF-DF,Fake,256,False,,3,140,4473,0.0012604964431375265,0.0009521812316961586,0.75539576721725,0.9938698192425003,31.949999997717857,23.379498993649968
scorecam,FF-DF,Real,256,False,,3,140,4479,0.005723034497350454,0.00375935435295105,0.6568801543813758,0.9757395006552373,31.992857140571935,20.358592783218818
