method,dataset,layer,pair_type,grid,ks,N_pairs,cosine_mean,cosine_std,IoU@5,IoU@10,IoU@20,IoU@30,IoU@40,IoU@50,IoU_AUC_over_k
scorecam,FF-DF,Fake,same_video_Δt<=1,256,"5,10,20,30,40,50",4333,0.9902426984624934,0.038276914874903666,0.8372889416075517,0.9013453889516138,0.9390030875862084,0.9471577878850822,0.8912887371789929,0.8624906015183391,0.9097835978944558
scorecam,FF-DF,Real,same_video_Δt<=1,256,"5,10,20,30,40,50",4339,0.9581172956229708,0.06573998285783676,0.6014936085649827,0.7126861197191681,0.7815873098857496,0.8191513185168533,0.826889568670965,0.8451974129936733,0.785581087889117
