method,dataset,layer,grid,use_topk,ks,min_per_group,n_groups,n_samples,intra,inter,F,mean_cosine,n_eff_per_group,F_adj
smoothgrad,FF-DF,Fake,256,False,,3,140,4473,0.0019722559954971075,0.0022569438442587852,1.1443404943408382,0.9275448102609009,31.949999997717857,35.41733829723739
smoothgrad,FF-DF,Real,256,False,,3,140,4479,0.002144098747521639,0.002136500785127282,0.9964516900538973,0.9263757269207581,31.992857140571935,30.882884877321906
