method,dataset,layer,pair_type,grid,ks,N_pairs,cosine_mean,cosine_std,IoU@5,IoU@10,IoU@20,IoU@30,IoU@40,IoU@50,IoU_AUC_over_k
smoothgrad,FF-DF,Fake,same_video_Δt<=1,256,"5,10,20,30,40,50",4333,0.8885349340082818,0.14444035969666896,0.4025425807040309,0.48819153811366595,0.6228511923358504,0.7250395598386771,0.8043652133278629,0.8376023018915336,0.6750747589354255
smoothgrad,FF-DF,Real,same_video_Δt<=1,256,"5,10,20,30,40,50",4339,0.8860521161142957,0.14355921206094874,0.38673933729418286,0.47247935142352304,0.6159271472745116,0.7237025487724184,0.8045122526916044,0.8374458216963473,0.6697576016617547
