method,dataset,layer,pair_type,grid,ks,N_pairs,cosine_mean,cosine_std,IoU@5,IoU@10,IoU@20,IoU@30,IoU@40,IoU@50,IoU_AUC_over_k
vanillagradient,FF-DF,Fake,same_video_Δt<=1,256,"5,10,20,30,40,50",4333,0.6904507467184123,0.023138471561344857,0.18945351466460963,0.3006760511543435,0.49413406496586854,0.6243975878169137,0.6796799163782025,0.7065056053115262,0.5387410641885906
vanillagradient,FF-DF,Real,same_video_Δt<=1,256,"5,10,20,30,40,50",4339,0.6787850022300416,0.032805802685671605,0.20292367924013488,0.32366069821406684,0.5071041742648567,0.6196640042717535,0.6736473793029172,0.7023348990863708,0.543346544634066
