method,dataset,layer,grid,use_topk,ks,min_per_group,n_groups,n_samples,intra,inter,F,mean_cosine,n_eff_per_group,F_adj
vanillagradient,FF-DF,Fake,256,False,,3,140,4473,0.0014439678052440286,0.0002545283641666174,0.1762688894817208,0.8288017160360271,31.949999997717857,5.4555221290569875
vanillagradient,FF-DF,Real,256,False,,3,140,4479,0.0014546901220455766,0.0003124249342363328,0.2147693050283145,0.8187361705615722,31.992857140571935,6.656314388922469
